year,P20
2018,3.370739
2019,3.419064
2020,3.374225
2021,3.460811
