year,P20
2018,2.88032992078187
2019,2.93540951912023
2020,2.99810352339616
2021,3.0662564552463
