year,P20
2018,2.87782013188613
2019,2.91312447787163
2020,2.87971678613874
2021,2.9479275080425
